 1,        1,   6.25,   0.00
 1,       10,  43.48,   0.00
 1,      100,  87.72,   2.00
 1,     1000,  94.88,   0.40
 1,    10000,  63.96,   1.06
 1,   100000,  52.40,   1.21
 1,   500000,  52.22,   1.25
 1,  1000000,  52.08,   1.27
 2,        1,   5.26,   0.00
 2,       10,  40.00,   0.00
 2,      100, 140.85,   0.00
 2,     1000, 186.22,   2.10
 2,    10000, 162.26,   1.23
 2,   100000, 106.58,   1.28
 2,   500000, 103.35,   1.27
 2,  1000000, 103.67,   1.27
 4,        1,   4.35,   0.00
 4,       10,  34.48,   0.00
 4,      100, 200.00,   3.00
 4,     1000, 354.61,   1.40
 4,    10000, 353.11,   1.26
 4,   100000, 218.84,   1.21
 4,   500000, 207.09,   1.23
 4,  1000000, 205.80,   1.23
 6,        1,   2.86,   0.00
 6,       10,  27.78,   0.00
 6,      100, 166.67,   0.00
 6,     1000, 495.05,   0.90
 6,    10000, 542.89,   1.26
 6,   100000, 337.43,   1.23
 6,   500000, 310.12,   1.24
 6,  1000000, 304.89,   1.23
 8,        1,   2.38,   0.00
 8,       10,  20.83,  10.00
 8,      100, 188.68,   2.00
 8,     1000, 609.76,   1.60
 8,    10000, 732.06,   1.20
 8,   100000, 339.88,   1.23
 8,   500000, 319.46,   1.24
 8,  1000000, 403.41,   1.25
