Year, Month, Precipitation, Temperature, Grain Height, Num Deer, Num Alien
2024, 0, 0.000000, 0.000000, 3.000000, 3, 0
2024, 1, 15.375037, 43.745522, 7.812361, 3, 1
2024, 2, 14.585760, 63.056568, 4.860127, 4, 1
2024, 3, 14.906654, 70.540977, 0.860966, 3, 1
2024, 4, 14.758124, 73.690079, 0.000000, 1, 1
2024, 5, 13.361834, 79.586533, 0.000000, 0, 0
2024, 6, 9.316273, 82.032745, 0.000000, 0, 0
2024, 7, 3.822562, 76.281509, 0.000016, 0, 0
2024, 8, 5.421152, 57.921009, 0.392061, 0, 0
2024, 9, 2.723607, 52.842506, 1.750245, 0, 0
2024, 10, 4.630386, 55.836357, 2.482722, 2, 0
2024, 11, 8.897647, 47.463722, 7.274301, 2, 0
2025, 0, 11.650064, 43.432529, 15.654053, 4, 0
2025, 1, 13.412707, 55.313366, 12.677780, 6, 1
2025, 2, 16.875210, 55.358521, 7.384854, 6, 2
2025, 3, 14.928814, 73.006973, 1.385029, 5, 2
2025, 4, 15.918747, 80.296631, 0.000000, 2, 4
2025, 5, 11.656897, 88.305054, 0.000000, 0, 6
2025, 6, 9.099993, 73.162788, 0.000199, 0, 5
2025, 7, 4.014045, 71.119995, 0.000721, 0, 7
2025, 8, 2.456828, 64.330414, 0.018968, 0, 6
2025, 9, 5.813277, 64.236298, 0.047283, 0, 5
2025, 10, 5.916400, 41.191185, 10.061037, 0, 4
2025, 11, 8.497229, 45.886456, 18.357422, 0, 3
2026, 0, 9.710036, 41.313614, 30.142216, 0, 2
2026, 1, 15.965879, 54.494568, 31.170677, 0, 1
2026, 2, 16.749693, 50.509487, 33.692116, 1, 0
2026, 3, 16.547001, 62.257359, 32.747269, 3, 0
2026, 4, 15.762941, 72.944229, 29.747437, 5, 1
2026, 5, 10.468787, 75.925255, 24.747467, 6, 1
2026, 6, 9.193765, 76.325714, 18.747490, 7, 2
2026, 7, 6.386576, 75.914940, 11.747517, 7, 2
2026, 8, 5.900324, 63.967575, 4.779981, 6, 2
2026, 9, 4.941319, 61.118958, 0.000000, 3, 2
2026, 10, 4.620658, 45.507683, 3.633867, 0, 1
2026, 11, 7.037727, 49.084045, 8.449932, 1, 0
2027, 0, 11.280728, 43.503098, 17.891420, 3, 0
2027, 1, 15.386649, 41.479053, 23.674883, 5, 1
2027, 2, 14.699982, 53.764290, 20.121824, 6, 1
2027, 3, 16.021330, 60.701077, 14.236803, 7, 2
2027, 4, 15.869856, 67.534279, 7.241138, 6, 2
2027, 5, 11.534691, 71.840019, 1.241602, 5, 2
2027, 6, 10.187101, 89.013542, 0.000000, 2, 1
2027, 7, 6.756443, 71.805901, 0.000000, 0, 0
2027, 8, 3.133491, 61.059586, 0.088776, 0, 0
2027, 9, 2.814004, 49.711876, 2.876752, 0, 0
2027, 10, 6.931240, 38.367367, 13.510991, 2, 0
2027, 11, 6.745206, 45.582909, 19.414297, 4, 0
2028, 0, 11.639168, 31.732069, 21.311340, 6, 1
2028, 1, 15.433832, 40.659111, 24.204630, 7, 2
2028, 2, 17.665176, 57.954895, 17.470055, 7, 2
2028, 3, 14.169477, 70.371078, 10.471050, 7, 2
2028, 4, 12.555569, 74.546341, 3.471124, 6, 5
2028, 5, 11.398597, 73.411613, 0.000000, 0, 4
2028, 6, 9.469409, 80.784882, 0.000001, 0, 6
2028, 7, 7.757334, 67.298279, 0.006623, 0, 5
2028, 8, 2.706319, 72.975487, 0.006756, 0, 4
2028, 9, 5.686604, 45.904770, 7.036778, 0, 6
2028, 10, 7.449635, 35.941101, 16.573181, 0, 5
2028, 11, 7.099613, 34.288925, 24.534706, 0, 4
2029, 0, 12.831696, 48.942017, 29.513187, 0, 3
2029, 1, 14.560360, 46.907566, 35.561584, 0, 2
2029, 2, 14.194116, 58.571369, 35.881416, 0, 1
2029, 3, 15.012735, 70.322258, 35.882366, 1, 0
2029, 4, 15.753096, 75.681557, 34.882393, 3, 0
2029, 5, 9.694598, 81.896713, 31.882393, 5, 1
2029, 6, 10.148592, 85.983284, 26.882393, 6, 1
2029, 7, 7.675096, 80.762886, 20.882393, 7, 2
2029, 8, 6.138828, 73.243698, 13.882557, 7, 2
2029, 9, 2.860317, 54.768791, 7.696377, 6, 2
2029, 10, 4.065337, 53.636841, 3.010369, 5, 2
2029, 11, 8.965006, 35.642365, 7.829226, 2, 1
2030, 0, 10.820383, 44.693882, 15.391743, 3, 0
2030, 1, 12.539285, 40.486423, 23.615818, 5, 1
2030, 2, 16.400084, 49.296749, 21.972660, 6, 1
2030, 3, 14.915723, 74.605698, 15.972719, 7, 2
2030, 4, 12.695763, 78.527504, 8.972723, 7, 2
2030, 5, 13.330187, 81.169312, 1.972723, 6, 2
2030, 6, 9.837823, 76.045532, 0.000000, 3, 2
2030, 7, 5.137131, 64.206764, 0.000000, 0, 1
2030, 8, 3.140012, 71.841240, 0.000296, 0, 0
2030, 9, 4.132188, 54.482624, 1.044370, 0, 0
2030, 10, 4.487582, 50.099613, 4.237550, 2, 0
2030, 11, 8.103023, 31.498768, 7.856877, 3, 0
2031, 0, 12.103476, 44.160213, 14.512947, 5, 1
2031, 1, 14.679064, 39.550316, 19.133945, 6, 1
2031, 2, 15.109053, 59.438206, 13.345228, 7, 2
2031, 3, 17.479212, 59.220638, 6.515764, 6, 2
2031, 4, 13.271703, 77.204742, 0.515775, 4, 2
2031, 5, 10.594902, 71.071381, 0.000000, 1, 1
2031, 6, 6.822046, 83.041008, 0.000000, 0, 0
2031, 7, 6.064121, 71.374153, 0.000546, 0, 0
2031, 8, 3.359556, 68.507507, 0.002827, 0, 0
2031, 9, 3.523013, 50.591209, 2.572185, 0, 0
2031, 10, 3.771673, 55.545132, 3.298679, 2, 0
2031, 11, 7.199892, 37.311062, 11.619843, 3, 0
